{
    "center": [
        -0.0,
        -1077.9991954750326,
        -1.3170251259173473
    ],
    "FrameTimeVector": [
        0.0,
        333.312,
        333.312,
        333.44,
        333.312,
        333.312,
        333.312,
        333.312,
        333.44,
        333.312,
        333.312,
        333.312,
        333.312,
        333.44,
        999.936,
        1000.064,
        999.936,
        1000.064,
        999.936,
        1000.064
    ]
}