{
    "center": [
        -1211.8504785677726,
        -19.03726858192686,
        -0.0
    ],
    "FrameTimeVector": [
        0.0,
        333.44,
        333.312,
        333.312,
        333.312,
        333.312,
        333.44,
        333.312,
        333.312,
        333.312,
        333.312,
        333.44,
        333.312,
        333.312,
        999.936,
        1000.064,
        999.936,
        1000.064,
        1000.064,
        999.936
    ]
}